{
  "overall_accuracy": 0.91276,
  "f1_binary": 0.9132285657449771,
  "f1_negative": 0.9122863462698573,
  "f1_positive": 0.9132285657449771
}